source_file,output_file,part,total_parts,word_count,first_label,last_label,mode
/home/mark/MisfitCrew/ALL_REPORTS/reviews/NotebookLM_split/a_course_in_miracles_text_review.md,/home/mark/MisfitCrew/ALL_REPORTS/reviews/NotebookLM_split/notebooklm_ready/a_course_in_miracles_text_review/a_course_in_miracles_text_review_part_001_of_002.md,1,2,444709,Report 1,Report 339,report-boundary
/home/mark/MisfitCrew/ALL_REPORTS/reviews/NotebookLM_split/a_course_in_miracles_text_review.md,/home/mark/MisfitCrew/ALL_REPORTS/reviews/NotebookLM_split/notebooklm_ready/a_course_in_miracles_text_review/a_course_in_miracles_text_review_part_002_of_002.md,2,2,218259,Report 340,Report 506,report-boundary
/home/mark/MisfitCrew/ALL_REPORTS/reviews/NotebookLM_split/a_dweller_on_two_planets_review.md,/home/mark/MisfitCrew/ALL_REPORTS/reviews/NotebookLM_split/notebooklm_ready/a_dweller_on_two_planets_review/a_dweller_on_two_planets_review_part_001_of_002.md,1,2,444879,Report 1,Report 318,report-boundary
/home/mark/MisfitCrew/ALL_REPORTS/reviews/NotebookLM_split/a_dweller_on_two_planets_review.md,/home/mark/MisfitCrew/ALL_REPORTS/reviews/NotebookLM_split/notebooklm_ready/a_dweller_on_two_planets_review/a_dweller_on_two_planets_review_part_002_of_002.md,2,2,177445,Report 319,Report 466,report-boundary
/home/mark/MisfitCrew/ALL_REPORTS/reviews/NotebookLM_split/bashar_channeled_by_darryl_anka_complete_transcripts_review.md,/home/mark/MisfitCrew/ALL_REPORTS/reviews/NotebookLM_split/notebooklm_ready/bashar_channeled_by_darryl_anka_complete_transcripts_review/bashar_channeled_by_darryl_anka_complete_transcripts_review_part_001_of_010.md,1,10,445077,Report 1,Report 344,report-boundary
/home/mark/MisfitCrew/ALL_REPORTS/reviews/NotebookLM_split/bashar_channeled_by_darryl_anka_complete_transcripts_review.md,/home/mark/MisfitCrew/ALL_REPORTS/reviews/NotebookLM_split/notebooklm_ready/bashar_channeled_by_darryl_anka_complete_transcripts_review/bashar_channeled_by_darryl_anka_complete_transcripts_review_part_002_of_010.md,2,10,445468,Report 345,Report 702,report-boundary
/home/mark/MisfitCrew/ALL_REPORTS/reviews/NotebookLM_split/bashar_channeled_by_darryl_anka_complete_transcripts_review.md,/home/mark/MisfitCrew/ALL_REPORTS/reviews/NotebookLM_split/notebooklm_ready/bashar_channeled_by_darryl_anka_complete_transcripts_review/bashar_channeled_by_darryl_anka_complete_transcripts_review_part_003_of_010.md,3,10,445628,Report 703,Report 1058,report-boundary
/home/mark/MisfitCrew/ALL_REPORTS/reviews/NotebookLM_split/bashar_channeled_by_darryl_anka_complete_transcripts_review.md,/home/mark/MisfitCrew/ALL_REPORTS/reviews/NotebookLM_split/notebooklm_ready/bashar_channeled_by_darryl_anka_complete_transcripts_review/bashar_channeled_by_darryl_anka_complete_transcripts_review_part_004_of_010.md,4,10,445644,Report 1059,Report 1406,report-boundary
/home/mark/MisfitCrew/ALL_REPORTS/reviews/NotebookLM_split/bashar_channeled_by_darryl_anka_complete_transcripts_review.md,/home/mark/MisfitCrew/ALL_REPORTS/reviews/NotebookLM_split/notebooklm_ready/bashar_channeled_by_darryl_anka_complete_transcripts_review/bashar_channeled_by_darryl_anka_complete_transcripts_review_part_005_of_010.md,5,10,444690,Report 1407,Report 1755,report-boundary
/home/mark/MisfitCrew/ALL_REPORTS/reviews/NotebookLM_split/bashar_channeled_by_darryl_anka_complete_transcripts_review.md,/home/mark/MisfitCrew/ALL_REPORTS/reviews/NotebookLM_split/notebooklm_ready/bashar_channeled_by_darryl_anka_complete_transcripts_review/bashar_channeled_by_darryl_anka_complete_transcripts_review_part_006_of_010.md,6,10,444773,Report 1756,Report 2099,report-boundary
/home/mark/MisfitCrew/ALL_REPORTS/reviews/NotebookLM_split/bashar_channeled_by_darryl_anka_complete_transcripts_review.md,/home/mark/MisfitCrew/ALL_REPORTS/reviews/NotebookLM_split/notebooklm_ready/bashar_channeled_by_darryl_anka_complete_transcripts_review/bashar_channeled_by_darryl_anka_complete_transcripts_review_part_007_of_010.md,7,10,444370,Report 2100,Report 2472,report-boundary
/home/mark/MisfitCrew/ALL_REPORTS/reviews/NotebookLM_split/bashar_channeled_by_darryl_anka_complete_transcripts_review.md,/home/mark/MisfitCrew/ALL_REPORTS/reviews/NotebookLM_split/notebooklm_ready/bashar_channeled_by_darryl_anka_complete_transcripts_review/bashar_channeled_by_darryl_anka_complete_transcripts_review_part_008_of_010.md,8,10,445049,Report 2473,Report 2840,report-boundary
/home/mark/MisfitCrew/ALL_REPORTS/reviews/NotebookLM_split/bashar_channeled_by_darryl_anka_complete_transcripts_review.md,/home/mark/MisfitCrew/ALL_REPORTS/reviews/NotebookLM_split/notebooklm_ready/bashar_channeled_by_darryl_anka_complete_transcripts_review/bashar_channeled_by_darryl_anka_complete_transcripts_review_part_009_of_010.md,9,10,444707,Report 2841,Report 3213,report-boundary
/home/mark/MisfitCrew/ALL_REPORTS/reviews/NotebookLM_split/bashar_channeled_by_darryl_anka_complete_transcripts_review.md,/home/mark/MisfitCrew/ALL_REPORTS/reviews/NotebookLM_split/notebooklm_ready/bashar_channeled_by_darryl_anka_complete_transcripts_review/bashar_channeled_by_darryl_anka_complete_transcripts_review_part_010_of_010.md,10,10,332715,Report 3214,Report 3428,report-boundary
/home/mark/MisfitCrew/ALL_REPORTS/reviews/NotebookLM_split/cannon_1992_conversations_with_nostradamus__his_prophecies_explaned_vol_3_559pgs_review.md,/home/mark/MisfitCrew/ALL_REPORTS/reviews/NotebookLM_split/notebooklm_ready/cannon_1992_conversations_with_nostradamus__his_prophecies_explaned_vol_3_559pgs_review/cannon_1992_conversations_with_nostradamus__his_prophecies_explaned_vol_3_559pgs_review_part_001_of_001.md,1,1,77884,Report 1,Report 55,report-boundary
/home/mark/MisfitCrew/ALL_REPORTS/reviews/NotebookLM_split/carlos_castaneda_all_books_in_one_review.md,/home/mark/MisfitCrew/ALL_REPORTS/reviews/NotebookLM_split/notebooklm_ready/carlos_castaneda_all_books_in_one_review/carlos_castaneda_all_books_in_one_review_part_001_of_005.md,1,5,444912,Report 1,Report 336,report-boundary
/home/mark/MisfitCrew/ALL_REPORTS/reviews/NotebookLM_split/carlos_castaneda_all_books_in_one_review.md,/home/mark/MisfitCrew/ALL_REPORTS/reviews/NotebookLM_split/notebooklm_ready/carlos_castaneda_all_books_in_one_review/carlos_castaneda_all_books_in_one_review_part_002_of_005.md,2,5,444681,Report 337,Report 667,report-boundary
/home/mark/MisfitCrew/ALL_REPORTS/reviews/NotebookLM_split/carlos_castaneda_all_books_in_one_review.md,/home/mark/MisfitCrew/ALL_REPORTS/reviews/NotebookLM_split/notebooklm_ready/carlos_castaneda_all_books_in_one_review/carlos_castaneda_all_books_in_one_review_part_003_of_005.md,3,5,444227,Report 668,Report 1001,report-boundary
/home/mark/MisfitCrew/ALL_REPORTS/reviews/NotebookLM_split/carlos_castaneda_all_books_in_one_review.md,/home/mark/MisfitCrew/ALL_REPORTS/reviews/NotebookLM_split/notebooklm_ready/carlos_castaneda_all_books_in_one_review/carlos_castaneda_all_books_in_one_review_part_004_of_005.md,4,5,444271,Report 1002,Report 1352,report-boundary
/home/mark/MisfitCrew/ALL_REPORTS/reviews/NotebookLM_split/carlos_castaneda_all_books_in_one_review.md,/home/mark/MisfitCrew/ALL_REPORTS/reviews/NotebookLM_split/notebooklm_ready/carlos_castaneda_all_books_in_one_review/carlos_castaneda_all_books_in_one_review_part_005_of_005.md,5,5,305413,Report 1353,Report 1574,report-boundary
/home/mark/MisfitCrew/ALL_REPORTS/reviews/NotebookLM_split/csb_pew_bible_review.md,/home/mark/MisfitCrew/ALL_REPORTS/reviews/NotebookLM_split/notebooklm_ready/csb_pew_bible_review/csb_pew_bible_review_part_001_of_005.md,1,5,444942,Report 1,Report 314,report-boundary
/home/mark/MisfitCrew/ALL_REPORTS/reviews/NotebookLM_split/csb_pew_bible_review.md,/home/mark/MisfitCrew/ALL_REPORTS/reviews/NotebookLM_split/notebooklm_ready/csb_pew_bible_review/csb_pew_bible_review_part_002_of_005.md,2,5,444737,Report 315,Report 618,report-boundary
/home/mark/MisfitCrew/ALL_REPORTS/reviews/NotebookLM_split/csb_pew_bible_review.md,/home/mark/MisfitCrew/ALL_REPORTS/reviews/NotebookLM_split/notebooklm_ready/csb_pew_bible_review/csb_pew_bible_review_part_003_of_005.md,3,5,444914,Report 619,Report 931,report-boundary
/home/mark/MisfitCrew/ALL_REPORTS/reviews/NotebookLM_split/csb_pew_bible_review.md,/home/mark/MisfitCrew/ALL_REPORTS/reviews/NotebookLM_split/notebooklm_ready/csb_pew_bible_review/csb_pew_bible_review_part_004_of_005.md,4,5,445093,Report 932,Report 1246,report-boundary
/home/mark/MisfitCrew/ALL_REPORTS/reviews/NotebookLM_split/csb_pew_bible_review.md,/home/mark/MisfitCrew/ALL_REPORTS/reviews/NotebookLM_split/notebooklm_ready/csb_pew_bible_review/csb_pew_bible_review_part_005_of_005.md,5,5,370261,Report 1247,Report 1542,report-boundary
/home/mark/MisfitCrew/ALL_REPORTS/reviews/NotebookLM_split/dolores_cannon_conversations_with_nostradamus_v1_review.md,/home/mark/MisfitCrew/ALL_REPORTS/reviews/NotebookLM_split/notebooklm_ready/dolores_cannon_conversations_with_nostradamus_v1_review/dolores_cannon_conversations_with_nostradamus_v1_review_part_001_of_002.md,1,2,444744,Report 1,Report 336,report-boundary
/home/mark/MisfitCrew/ALL_REPORTS/reviews/NotebookLM_split/dolores_cannon_conversations_with_nostradamus_v1_review.md,/home/mark/MisfitCrew/ALL_REPORTS/reviews/NotebookLM_split/notebooklm_ready/dolores_cannon_conversations_with_nostradamus_v1_review/dolores_cannon_conversations_with_nostradamus_v1_review_part_002_of_002.md,2,2,160622,Report 337,Report 459,report-boundary
/home/mark/MisfitCrew/ALL_REPORTS/reviews/NotebookLM_split/dolores_cannon_conversations_with_nostradamus_v2_review.md,/home/mark/MisfitCrew/ALL_REPORTS/reviews/NotebookLM_split/notebooklm_ready/dolores_cannon_conversations_with_nostradamus_v2_review/dolores_cannon_conversations_with_nostradamus_v2_review_part_001_of_002.md,1,2,444532,Report 1,Report 351,report-boundary
/home/mark/MisfitCrew/ALL_REPORTS/reviews/NotebookLM_split/dolores_cannon_conversations_with_nostradamus_v2_review.md,/home/mark/MisfitCrew/ALL_REPORTS/reviews/NotebookLM_split/notebooklm_ready/dolores_cannon_conversations_with_nostradamus_v2_review/dolores_cannon_conversations_with_nostradamus_v2_review_part_002_of_002.md,2,2,101646,Report 352,Report 439,report-boundary
/home/mark/MisfitCrew/ALL_REPORTS/reviews/NotebookLM_split/dolores_cannon_convoluted_universe_3_review.md,/home/mark/MisfitCrew/ALL_REPORTS/reviews/NotebookLM_split/notebooklm_ready/dolores_cannon_convoluted_universe_3_review/dolores_cannon_convoluted_universe_3_review_part_001_of_003.md,1,3,445042,Report 1,Report 329,report-boundary
/home/mark/MisfitCrew/ALL_REPORTS/reviews/NotebookLM_split/dolores_cannon_convoluted_universe_3_review.md,/home/mark/MisfitCrew/ALL_REPORTS/reviews/NotebookLM_split/notebooklm_ready/dolores_cannon_convoluted_universe_3_review/dolores_cannon_convoluted_universe_3_review_part_002_of_003.md,2,3,445485,Report 330,Report 690,report-boundary
/home/mark/MisfitCrew/ALL_REPORTS/reviews/NotebookLM_split/dolores_cannon_convoluted_universe_3_review.md,/home/mark/MisfitCrew/ALL_REPORTS/reviews/NotebookLM_split/notebooklm_ready/dolores_cannon_convoluted_universe_3_review/dolores_cannon_convoluted_universe_3_review_part_003_of_003.md,3,3,154293,Report 691,Report 800,report-boundary
/home/mark/MisfitCrew/ALL_REPORTS/reviews/NotebookLM_split/dolores_cannon_convoluted_universe_5_review.md,/home/mark/MisfitCrew/ALL_REPORTS/reviews/NotebookLM_split/notebooklm_ready/dolores_cannon_convoluted_universe_5_review/dolores_cannon_convoluted_universe_5_review_part_001_of_002.md,1,2,444768,Report 1,Report 320,report-boundary
/home/mark/MisfitCrew/ALL_REPORTS/reviews/NotebookLM_split/dolores_cannon_convoluted_universe_5_review.md,/home/mark/MisfitCrew/ALL_REPORTS/reviews/NotebookLM_split/notebooklm_ready/dolores_cannon_convoluted_universe_5_review/dolores_cannon_convoluted_universe_5_review_part_002_of_002.md,2,2,192352,Report 321,Report 464,report-boundary
/home/mark/MisfitCrew/ALL_REPORTS/reviews/NotebookLM_split/dolores_cannon_the_custodians_review.md,/home/mark/MisfitCrew/ALL_REPORTS/reviews/NotebookLM_split/notebooklm_ready/dolores_cannon_the_custodians_review/dolores_cannon_the_custodians_review_part_001_of_002.md,1,2,444607,Report 1,Report 331,report-boundary
/home/mark/MisfitCrew/ALL_REPORTS/reviews/NotebookLM_split/dolores_cannon_the_custodians_review.md,/home/mark/MisfitCrew/ALL_REPORTS/reviews/NotebookLM_split/notebooklm_ready/dolores_cannon_the_custodians_review/dolores_cannon_the_custodians_review_part_002_of_002.md,2,2,347032,Report 332,Report 636,report-boundary
/home/mark/MisfitCrew/ALL_REPORTS/reviews/NotebookLM_split/dolores_cannon_three_waves_of_volunteers_review.md,/home/mark/MisfitCrew/ALL_REPORTS/reviews/NotebookLM_split/notebooklm_ready/dolores_cannon_three_waves_of_volunteers_review/dolores_cannon_three_waves_of_volunteers_review_part_001_of_003.md,1,3,444592,Report 1,Report 312,report-boundary
/home/mark/MisfitCrew/ALL_REPORTS/reviews/NotebookLM_split/dolores_cannon_three_waves_of_volunteers_review.md,/home/mark/MisfitCrew/ALL_REPORTS/reviews/NotebookLM_split/notebooklm_ready/dolores_cannon_three_waves_of_volunteers_review/dolores_cannon_three_waves_of_volunteers_review_part_002_of_003.md,2,3,444823,Report 313,Report 677,report-boundary
/home/mark/MisfitCrew/ALL_REPORTS/reviews/NotebookLM_split/dolores_cannon_three_waves_of_volunteers_review.md,/home/mark/MisfitCrew/ALL_REPORTS/reviews/NotebookLM_split/notebooklm_ready/dolores_cannon_three_waves_of_volunteers_review/dolores_cannon_three_waves_of_volunteers_review_part_003_of_003.md,3,3,72569,Report 678,Report 735,report-boundary
/home/mark/MisfitCrew/ALL_REPORTS/reviews/NotebookLM_split/egyption_book_of_the_dead_review.md,/home/mark/MisfitCrew/ALL_REPORTS/reviews/NotebookLM_split/notebooklm_ready/egyption_book_of_the_dead_review/egyption_book_of_the_dead_review_part_001_of_002.md,1,2,445658,Report 1,Report 317,report-boundary
/home/mark/MisfitCrew/ALL_REPORTS/reviews/NotebookLM_split/egyption_book_of_the_dead_review.md,/home/mark/MisfitCrew/ALL_REPORTS/reviews/NotebookLM_split/notebooklm_ready/egyption_book_of_the_dead_review/egyption_book_of_the_dead_review_part_002_of_002.md,2,2,271484,Report 318,Report 516,report-boundary
/home/mark/MisfitCrew/ALL_REPORTS/reviews/NotebookLM_split/encyclopedia_of_celtic_mythology_and_folklore_review.md,/home/mark/MisfitCrew/ALL_REPORTS/reviews/NotebookLM_split/notebooklm_ready/encyclopedia_of_celtic_mythology_and_folklore_review/encyclopedia_of_celtic_mythology_and_folklore_review_part_001_of_004.md,1,4,445327,Report 1,Report 310,report-boundary
/home/mark/MisfitCrew/ALL_REPORTS/reviews/NotebookLM_split/encyclopedia_of_celtic_mythology_and_folklore_review.md,/home/mark/MisfitCrew/ALL_REPORTS/reviews/NotebookLM_split/notebooklm_ready/encyclopedia_of_celtic_mythology_and_folklore_review/encyclopedia_of_celtic_mythology_and_folklore_review_part_002_of_004.md,2,4,445374,Report 311,Report 623,report-boundary
/home/mark/MisfitCrew/ALL_REPORTS/reviews/NotebookLM_split/encyclopedia_of_celtic_mythology_and_folklore_review.md,/home/mark/MisfitCrew/ALL_REPORTS/reviews/NotebookLM_split/notebooklm_ready/encyclopedia_of_celtic_mythology_and_folklore_review/encyclopedia_of_celtic_mythology_and_folklore_review_part_003_of_004.md,3,4,444979,Report 624,Report 941,report-boundary
/home/mark/MisfitCrew/ALL_REPORTS/reviews/NotebookLM_split/encyclopedia_of_celtic_mythology_and_folklore_review.md,/home/mark/MisfitCrew/ALL_REPORTS/reviews/NotebookLM_split/notebooklm_ready/encyclopedia_of_celtic_mythology_and_folklore_review/encyclopedia_of_celtic_mythology_and_folklore_review_part_004_of_004.md,4,4,101403,Report 942,Report 1023,report-boundary
/home/mark/MisfitCrew/ALL_REPORTS/reviews/NotebookLM_split/ethiopian_bible_apocrypha_review.md,/home/mark/MisfitCrew/ALL_REPORTS/reviews/NotebookLM_split/notebooklm_ready/ethiopian_bible_apocrypha_review/ethiopian_bible_apocrypha_review_part_001_of_002.md,1,2,445557,Report 1,Report 329,report-boundary
/home/mark/MisfitCrew/ALL_REPORTS/reviews/NotebookLM_split/ethiopian_bible_apocrypha_review.md,/home/mark/MisfitCrew/ALL_REPORTS/reviews/NotebookLM_split/notebooklm_ready/ethiopian_bible_apocrypha_review/ethiopian_bible_apocrypha_review_part_002_of_002.md,2,2,288892,Report 330,Report 551,report-boundary
/home/mark/MisfitCrew/ALL_REPORTS/reviews/NotebookLM_split/gazzaniga_the_cognitive_neurosciences_review.md,/home/mark/MisfitCrew/ALL_REPORTS/reviews/NotebookLM_split/notebooklm_ready/gazzaniga_the_cognitive_neurosciences_review/gazzaniga_the_cognitive_neurosciences_review_part_001_of_002.md,1,2,445056,Report 1,Report 372,report-boundary
/home/mark/MisfitCrew/ALL_REPORTS/reviews/NotebookLM_split/gazzaniga_the_cognitive_neurosciences_review.md,/home/mark/MisfitCrew/ALL_REPORTS/reviews/NotebookLM_split/notebooklm_ready/gazzaniga_the_cognitive_neurosciences_review/gazzaniga_the_cognitive_neurosciences_review_part_002_of_002.md,2,2,380780,Report 373,Report 668,report-boundary
/home/mark/MisfitCrew/ALL_REPORTS/reviews/NotebookLM_split/goblet_of_the_truth_review.md,/home/mark/MisfitCrew/ALL_REPORTS/reviews/NotebookLM_split/notebooklm_ready/goblet_of_the_truth_review/goblet_of_the_truth_review_part_001_of_003.md,1,3,445309,Report 1,Report 313,report-boundary
/home/mark/MisfitCrew/ALL_REPORTS/reviews/NotebookLM_split/goblet_of_the_truth_review.md,/home/mark/MisfitCrew/ALL_REPORTS/reviews/NotebookLM_split/notebooklm_ready/goblet_of_the_truth_review/goblet_of_the_truth_review_part_002_of_003.md,2,3,444845,Report 314,Report 631,report-boundary
/home/mark/MisfitCrew/ALL_REPORTS/reviews/NotebookLM_split/goblet_of_the_truth_review.md,/home/mark/MisfitCrew/ALL_REPORTS/reviews/NotebookLM_split/notebooklm_ready/goblet_of_the_truth_review/goblet_of_the_truth_review_part_003_of_003.md,3,3,14229,Report 632,Report 643,report-boundary
/home/mark/MisfitCrew/ALL_REPORTS/reviews/NotebookLM_split/in_search_of_the_miraculous_ocr_review.md,/home/mark/MisfitCrew/ALL_REPORTS/reviews/NotebookLM_split/notebooklm_ready/in_search_of_the_miraculous_ocr_review/in_search_of_the_miraculous_ocr_review_part_001_of_002.md,1,2,444986,Report 1,Report 345,report-boundary
/home/mark/MisfitCrew/ALL_REPORTS/reviews/NotebookLM_split/in_search_of_the_miraculous_ocr_review.md,/home/mark/MisfitCrew/ALL_REPORTS/reviews/NotebookLM_split/notebooklm_ready/in_search_of_the_miraculous_ocr_review/in_search_of_the_miraculous_ocr_review_part_002_of_002.md,2,2,233886,Report 346,Report 528,report-boundary
/home/mark/MisfitCrew/ALL_REPORTS/reviews/NotebookLM_split/john_ballou_newbrough_oahspe_review.md,/home/mark/MisfitCrew/ALL_REPORTS/reviews/NotebookLM_split/notebooklm_ready/john_ballou_newbrough_oahspe_review/john_ballou_newbrough_oahspe_review_part_001_of_005.md,1,5,444543,Report 1,Report 313,report-boundary
/home/mark/MisfitCrew/ALL_REPORTS/reviews/NotebookLM_split/john_ballou_newbrough_oahspe_review.md,/home/mark/MisfitCrew/ALL_REPORTS/reviews/NotebookLM_split/notebooklm_ready/john_ballou_newbrough_oahspe_review/john_ballou_newbrough_oahspe_review_part_002_of_005.md,2,5,445491,Report 314,Report 633,report-boundary
/home/mark/MisfitCrew/ALL_REPORTS/reviews/NotebookLM_split/john_ballou_newbrough_oahspe_review.md,/home/mark/MisfitCrew/ALL_REPORTS/reviews/NotebookLM_split/notebooklm_ready/john_ballou_newbrough_oahspe_review/john_ballou_newbrough_oahspe_review_part_003_of_005.md,3,5,445657,Report 634,Report 964,report-boundary
/home/mark/MisfitCrew/ALL_REPORTS/reviews/NotebookLM_split/john_ballou_newbrough_oahspe_review.md,/home/mark/MisfitCrew/ALL_REPORTS/reviews/NotebookLM_split/notebooklm_ready/john_ballou_newbrough_oahspe_review/john_ballou_newbrough_oahspe_review_part_004_of_005.md,4,5,444292,Report 965,Report 1316,report-boundary
/home/mark/MisfitCrew/ALL_REPORTS/reviews/NotebookLM_split/john_ballou_newbrough_oahspe_review.md,/home/mark/MisfitCrew/ALL_REPORTS/reviews/NotebookLM_split/notebooklm_ready/john_ballou_newbrough_oahspe_review/john_ballou_newbrough_oahspe_review_part_005_of_005.md,5,5,410599,Report 1317,Report 1609,report-boundary
/home/mark/MisfitCrew/ALL_REPORTS/reviews/NotebookLM_split/john_wippel_allan_b_wolter_medieval_philosophy_from_st_augustine_to_nicholas_of_cusa_review.md,/home/mark/MisfitCrew/ALL_REPORTS/reviews/NotebookLM_split/notebooklm_ready/john_wippel_allan_b_wolter_medieval_philosophy_from_st_augustine_to_nicholas_of_cusa_review/john_wippel_allan_b_wolter_medieval_philosophy_from_st_augustine_to_nicholas_of_cusa_review_part_001_of_002.md,1,2,445653,Report 1,Report 337,report-boundary
/home/mark/MisfitCrew/ALL_REPORTS/reviews/NotebookLM_split/john_wippel_allan_b_wolter_medieval_philosophy_from_st_augustine_to_nicholas_of_cusa_review.md,/home/mark/MisfitCrew/ALL_REPORTS/reviews/NotebookLM_split/notebooklm_ready/john_wippel_allan_b_wolter_medieval_philosophy_from_st_augustine_to_nicholas_of_cusa_review/john_wippel_allan_b_wolter_medieval_philosophy_from_st_augustine_to_nicholas_of_cusa_review_part_002_of_002.md,2,2,428027,Report 338,Report 646,report-boundary
/home/mark/MisfitCrew/ALL_REPORTS/reviews/NotebookLM_split/mystical_dimensions_of_islam_review.md,/home/mark/MisfitCrew/ALL_REPORTS/reviews/NotebookLM_split/notebooklm_ready/mystical_dimensions_of_islam_review/mystical_dimensions_of_islam_review_part_001_of_002.md,1,2,445211,Report 1,Report 355,report-boundary
/home/mark/MisfitCrew/ALL_REPORTS/reviews/NotebookLM_split/mystical_dimensions_of_islam_review.md,/home/mark/MisfitCrew/ALL_REPORTS/reviews/NotebookLM_split/notebooklm_ready/mystical_dimensions_of_islam_review/mystical_dimensions_of_islam_review_part_002_of_002.md,2,2,181899,Report 356,Report 499,report-boundary
/home/mark/MisfitCrew/ALL_REPORTS/reviews/NotebookLM_split/myths_of_babylonia_and_assyria_review.md,/home/mark/MisfitCrew/ALL_REPORTS/reviews/NotebookLM_split/notebooklm_ready/myths_of_babylonia_and_assyria_review/myths_of_babylonia_and_assyria_review_part_001_of_002.md,1,2,445629,Report 1,Report 320,report-boundary
/home/mark/MisfitCrew/ALL_REPORTS/reviews/NotebookLM_split/myths_of_babylonia_and_assyria_review.md,/home/mark/MisfitCrew/ALL_REPORTS/reviews/NotebookLM_split/notebooklm_ready/myths_of_babylonia_and_assyria_review/myths_of_babylonia_and_assyria_review_part_002_of_002.md,2,2,127652,Report 321,Report 415,report-boundary
/home/mark/MisfitCrew/ALL_REPORTS/reviews/NotebookLM_split/pagan_christs_review.md,/home/mark/MisfitCrew/ALL_REPORTS/reviews/NotebookLM_split/notebooklm_ready/pagan_christs_review/pagan_christs_review_part_001_of_002.md,1,2,444419,Report 1,Report 310,report-boundary
/home/mark/MisfitCrew/ALL_REPORTS/reviews/NotebookLM_split/pagan_christs_review.md,/home/mark/MisfitCrew/ALL_REPORTS/reviews/NotebookLM_split/notebooklm_ready/pagan_christs_review/pagan_christs_review_part_002_of_002.md,2,2,284437,Report 311,Report 539,report-boundary
/home/mark/MisfitCrew/ALL_REPORTS/reviews/NotebookLM_split/pistis_sophia_review.md,/home/mark/MisfitCrew/ALL_REPORTS/reviews/NotebookLM_split/notebooklm_ready/pistis_sophia_review/pistis_sophia_review_part_001_of_002.md,1,2,445367,Report 1,Report 372,report-boundary
/home/mark/MisfitCrew/ALL_REPORTS/reviews/NotebookLM_split/pistis_sophia_review.md,/home/mark/MisfitCrew/ALL_REPORTS/reviews/NotebookLM_split/notebooklm_ready/pistis_sophia_review/pistis_sophia_review_part_002_of_002.md,2,2,149022,Report 373,Report 485,report-boundary
/home/mark/MisfitCrew/ALL_REPORTS/reviews/NotebookLM_split/plato_complete_works_review.md,/home/mark/MisfitCrew/ALL_REPORTS/reviews/NotebookLM_split/notebooklm_ready/plato_complete_works_review/plato_complete_works_review_part_001_of_009.md,1,9,445597,Report 1,Report 313,report-boundary
/home/mark/MisfitCrew/ALL_REPORTS/reviews/NotebookLM_split/plato_complete_works_review.md,/home/mark/MisfitCrew/ALL_REPORTS/reviews/NotebookLM_split/notebooklm_ready/plato_complete_works_review/plato_complete_works_review_part_002_of_009.md,2,9,444648,Report 314,Report 621,report-boundary
/home/mark/MisfitCrew/ALL_REPORTS/reviews/NotebookLM_split/plato_complete_works_review.md,/home/mark/MisfitCrew/ALL_REPORTS/reviews/NotebookLM_split/notebooklm_ready/plato_complete_works_review/plato_complete_works_review_part_003_of_009.md,3,9,445039,Report 622,Report 948,report-boundary
/home/mark/MisfitCrew/ALL_REPORTS/reviews/NotebookLM_split/plato_complete_works_review.md,/home/mark/MisfitCrew/ALL_REPORTS/reviews/NotebookLM_split/notebooklm_ready/plato_complete_works_review/plato_complete_works_review_part_004_of_009.md,4,9,444727,Report 949,Report 1264,report-boundary
/home/mark/MisfitCrew/ALL_REPORTS/reviews/NotebookLM_split/plato_complete_works_review.md,/home/mark/MisfitCrew/ALL_REPORTS/reviews/NotebookLM_split/notebooklm_ready/plato_complete_works_review/plato_complete_works_review_part_005_of_009.md,5,9,444964,Report 1265,Report 1574,report-boundary
/home/mark/MisfitCrew/ALL_REPORTS/reviews/NotebookLM_split/plato_complete_works_review.md,/home/mark/MisfitCrew/ALL_REPORTS/reviews/NotebookLM_split/notebooklm_ready/plato_complete_works_review/plato_complete_works_review_part_006_of_009.md,6,9,445458,Report 1575,Report 1915,report-boundary
/home/mark/MisfitCrew/ALL_REPORTS/reviews/NotebookLM_split/plato_complete_works_review.md,/home/mark/MisfitCrew/ALL_REPORTS/reviews/NotebookLM_split/notebooklm_ready/plato_complete_works_review/plato_complete_works_review_part_007_of_009.md,7,9,444926,Report 1916,Report 2249,report-boundary
/home/mark/MisfitCrew/ALL_REPORTS/reviews/NotebookLM_split/plato_complete_works_review.md,/home/mark/MisfitCrew/ALL_REPORTS/reviews/NotebookLM_split/notebooklm_ready/plato_complete_works_review/plato_complete_works_review_part_008_of_009.md,8,9,445103,Report 2250,Report 2564,report-boundary
/home/mark/MisfitCrew/ALL_REPORTS/reviews/NotebookLM_split/plato_complete_works_review.md,/home/mark/MisfitCrew/ALL_REPORTS/reviews/NotebookLM_split/notebooklm_ready/plato_complete_works_review/plato_complete_works_review_part_009_of_009.md,9,9,297929,Report 2565,Report 2763,report-boundary
/home/mark/MisfitCrew/ALL_REPORTS/reviews/NotebookLM_split/religion_of_the_ancient_celts_review.md,/home/mark/MisfitCrew/ALL_REPORTS/reviews/NotebookLM_split/notebooklm_ready/religion_of_the_ancient_celts_review/religion_of_the_ancient_celts_review_part_001_of_002.md,1,2,445086,Report 1,Report 311,report-boundary
/home/mark/MisfitCrew/ALL_REPORTS/reviews/NotebookLM_split/religion_of_the_ancient_celts_review.md,/home/mark/MisfitCrew/ALL_REPORTS/reviews/NotebookLM_split/notebooklm_ready/religion_of_the_ancient_celts_review/religion_of_the_ancient_celts_review_part_002_of_002.md,2,2,92964,Report 312,Report 385,report-boundary
/home/mark/MisfitCrew/ALL_REPORTS/reviews/NotebookLM_split/religions_of_ancient_egypt_and_babylonia_review.md,/home/mark/MisfitCrew/ALL_REPORTS/reviews/NotebookLM_split/notebooklm_ready/religions_of_ancient_egypt_and_babylonia_review/religions_of_ancient_egypt_and_babylonia_review_part_001_of_002.md,1,2,444842,Report 1,Report 323,report-boundary
/home/mark/MisfitCrew/ALL_REPORTS/reviews/NotebookLM_split/religions_of_ancient_egypt_and_babylonia_review.md,/home/mark/MisfitCrew/ALL_REPORTS/reviews/NotebookLM_split/notebooklm_ready/religions_of_ancient_egypt_and_babylonia_review/religions_of_ancient_egypt_and_babylonia_review_part_002_of_002.md,2,2,76747,Report 324,Report 379,report-boundary
/home/mark/MisfitCrew/ALL_REPORTS/reviews/NotebookLM_split/secret_doctrine_vol1_review.md,/home/mark/MisfitCrew/ALL_REPORTS/reviews/NotebookLM_split/notebooklm_ready/secret_doctrine_vol1_review/secret_doctrine_vol1_review_part_001_of_004.md,1,4,444880,Report 1,Report 337,report-boundary
/home/mark/MisfitCrew/ALL_REPORTS/reviews/NotebookLM_split/secret_doctrine_vol1_review.md,/home/mark/MisfitCrew/ALL_REPORTS/reviews/NotebookLM_split/notebooklm_ready/secret_doctrine_vol1_review/secret_doctrine_vol1_review_part_002_of_004.md,2,4,445454,Report 338,Report 673,report-boundary
/home/mark/MisfitCrew/ALL_REPORTS/reviews/NotebookLM_split/secret_doctrine_vol1_review.md,/home/mark/MisfitCrew/ALL_REPORTS/reviews/NotebookLM_split/notebooklm_ready/secret_doctrine_vol1_review/secret_doctrine_vol1_review_part_003_of_004.md,3,4,445088,Report 674,Report 1023,report-boundary
/home/mark/MisfitCrew/ALL_REPORTS/reviews/NotebookLM_split/secret_doctrine_vol1_review.md,/home/mark/MisfitCrew/ALL_REPORTS/reviews/NotebookLM_split/notebooklm_ready/secret_doctrine_vol1_review/secret_doctrine_vol1_review_part_004_of_004.md,4,4,125555,Report 1024,Report 1115,report-boundary
/home/mark/MisfitCrew/ALL_REPORTS/reviews/NotebookLM_split/secret_doctrine_vol2_review.md,/home/mark/MisfitCrew/ALL_REPORTS/reviews/NotebookLM_split/notebooklm_ready/secret_doctrine_vol2_review/secret_doctrine_vol2_review_part_001_of_004.md,1,4,445469,Report 1,Report 347,report-boundary
/home/mark/MisfitCrew/ALL_REPORTS/reviews/NotebookLM_split/secret_doctrine_vol2_review.md,/home/mark/MisfitCrew/ALL_REPORTS/reviews/NotebookLM_split/notebooklm_ready/secret_doctrine_vol2_review/secret_doctrine_vol2_review_part_002_of_004.md,2,4,445412,Report 348,Report 694,report-boundary
/home/mark/MisfitCrew/ALL_REPORTS/reviews/NotebookLM_split/secret_doctrine_vol2_review.md,/home/mark/MisfitCrew/ALL_REPORTS/reviews/NotebookLM_split/notebooklm_ready/secret_doctrine_vol2_review/secret_doctrine_vol2_review_part_003_of_004.md,3,4,445599,Report 695,Report 1052,report-boundary
/home/mark/MisfitCrew/ALL_REPORTS/reviews/NotebookLM_split/secret_doctrine_vol2_review.md,/home/mark/MisfitCrew/ALL_REPORTS/reviews/NotebookLM_split/notebooklm_ready/secret_doctrine_vol2_review/secret_doctrine_vol2_review_part_004_of_004.md,4,4,254360,Report 1053,Report 1246,report-boundary
/home/mark/MisfitCrew/ALL_REPORTS/reviews/NotebookLM_split/seth_nature_of_personal_reality_review.md,/home/mark/MisfitCrew/ALL_REPORTS/reviews/NotebookLM_split/notebooklm_ready/seth_nature_of_personal_reality_review/seth_nature_of_personal_reality_review_part_001_of_002.md,1,2,444626,Report 1,Report 321,report-boundary
/home/mark/MisfitCrew/ALL_REPORTS/reviews/NotebookLM_split/seth_nature_of_personal_reality_review.md,/home/mark/MisfitCrew/ALL_REPORTS/reviews/NotebookLM_split/notebooklm_ready/seth_nature_of_personal_reality_review/seth_nature_of_personal_reality_review_part_002_of_002.md,2,2,441008,Report 322,Report 673,report-boundary
/home/mark/MisfitCrew/ALL_REPORTS/reviews/NotebookLM_split/the_bhagavad_gita_review.md,/home/mark/MisfitCrew/ALL_REPORTS/reviews/NotebookLM_split/notebooklm_ready/the_bhagavad_gita_review/the_bhagavad_gita_review_part_001_of_002.md,1,2,444552,Report 1,Report 330,report-boundary
/home/mark/MisfitCrew/ALL_REPORTS/reviews/NotebookLM_split/the_bhagavad_gita_review.md,/home/mark/MisfitCrew/ALL_REPORTS/reviews/NotebookLM_split/notebooklm_ready/the_bhagavad_gita_review/the_bhagavad_gita_review_part_002_of_002.md,2,2,102779,Report 331,Report 401,report-boundary
/home/mark/MisfitCrew/ALL_REPORTS/reviews/NotebookLM_split/the_book_of_mormon_review.md,/home/mark/MisfitCrew/ALL_REPORTS/reviews/NotebookLM_split/notebooklm_ready/the_book_of_mormon_review/the_book_of_mormon_review_part_001_of_003.md,1,3,445158,Report 1,Report 309,report-boundary
/home/mark/MisfitCrew/ALL_REPORTS/reviews/NotebookLM_split/the_book_of_mormon_review.md,/home/mark/MisfitCrew/ALL_REPORTS/reviews/NotebookLM_split/notebooklm_ready/the_book_of_mormon_review/the_book_of_mormon_review_part_002_of_003.md,2,3,445373,Report 310,Report 629,report-boundary
/home/mark/MisfitCrew/ALL_REPORTS/reviews/NotebookLM_split/the_book_of_mormon_review.md,/home/mark/MisfitCrew/ALL_REPORTS/reviews/NotebookLM_split/notebooklm_ready/the_book_of_mormon_review/the_book_of_mormon_review_part_003_of_003.md,3,3,19949,Report 630,Report 645,report-boundary
/home/mark/MisfitCrew/ALL_REPORTS/reviews/NotebookLM_split/the_element_encyclopedia_of_the_psychic_world_review.md,/home/mark/MisfitCrew/ALL_REPORTS/reviews/NotebookLM_split/notebooklm_ready/the_element_encyclopedia_of_the_psychic_world_review/the_element_encyclopedia_of_the_psychic_world_review_part_001_of_003.md,1,3,445499,Report 1,Report 383,report-boundary
/home/mark/MisfitCrew/ALL_REPORTS/reviews/NotebookLM_split/the_element_encyclopedia_of_the_psychic_world_review.md,/home/mark/MisfitCrew/ALL_REPORTS/reviews/NotebookLM_split/notebooklm_ready/the_element_encyclopedia_of_the_psychic_world_review/the_element_encyclopedia_of_the_psychic_world_review_part_002_of_003.md,2,3,445305,Report 384,Report 763,report-boundary
/home/mark/MisfitCrew/ALL_REPORTS/reviews/NotebookLM_split/the_element_encyclopedia_of_the_psychic_world_review.md,/home/mark/MisfitCrew/ALL_REPORTS/reviews/NotebookLM_split/notebooklm_ready/the_element_encyclopedia_of_the_psychic_world_review/the_element_encyclopedia_of_the_psychic_world_review_part_003_of_003.md,3,3,49121,Report 764,Report 805,report-boundary
/home/mark/MisfitCrew/ALL_REPORTS/reviews/NotebookLM_split/the_forgotten_books_of_eden_review.md,/home/mark/MisfitCrew/ALL_REPORTS/reviews/NotebookLM_split/notebooklm_ready/the_forgotten_books_of_eden_review/the_forgotten_books_of_eden_review_part_001_of_002.md,1,2,444876,Report 1,Report 313,report-boundary
/home/mark/MisfitCrew/ALL_REPORTS/reviews/NotebookLM_split/the_forgotten_books_of_eden_review.md,/home/mark/MisfitCrew/ALL_REPORTS/reviews/NotebookLM_split/notebooklm_ready/the_forgotten_books_of_eden_review/the_forgotten_books_of_eden_review_part_002_of_002.md,2,2,222065,Report 314,Report 493,report-boundary
/home/mark/MisfitCrew/ALL_REPORTS/reviews/NotebookLM_split/the_gnostic_bible_review.md,/home/mark/MisfitCrew/ALL_REPORTS/reviews/NotebookLM_split/notebooklm_ready/the_gnostic_bible_review/the_gnostic_bible_review_part_001_of_003.md,1,3,444144,Report 1,Report 320,report-boundary
/home/mark/MisfitCrew/ALL_REPORTS/reviews/NotebookLM_split/the_gnostic_bible_review.md,/home/mark/MisfitCrew/ALL_REPORTS/reviews/NotebookLM_split/notebooklm_ready/the_gnostic_bible_review/the_gnostic_bible_review_part_002_of_003.md,2,3,445014,Report 321,Report 644,report-boundary
/home/mark/MisfitCrew/ALL_REPORTS/reviews/NotebookLM_split/the_gnostic_bible_review.md,/home/mark/MisfitCrew/ALL_REPORTS/reviews/NotebookLM_split/notebooklm_ready/the_gnostic_bible_review/the_gnostic_bible_review_part_003_of_003.md,3,3,432865,Report 645,Report 965,report-boundary
/home/mark/MisfitCrew/ALL_REPORTS/reviews/NotebookLM_split/the_lost_books_of_the_bible_review.md,/home/mark/MisfitCrew/ALL_REPORTS/reviews/NotebookLM_split/notebooklm_ready/the_lost_books_of_the_bible_review/the_lost_books_of_the_bible_review_part_001_of_002.md,1,2,445460,Report 1,Report 329,report-boundary
/home/mark/MisfitCrew/ALL_REPORTS/reviews/NotebookLM_split/the_lost_books_of_the_bible_review.md,/home/mark/MisfitCrew/ALL_REPORTS/reviews/NotebookLM_split/notebooklm_ready/the_lost_books_of_the_bible_review/the_lost_books_of_the_bible_review_part_002_of_002.md,2,2,110933,Report 330,Report 408,report-boundary
/home/mark/MisfitCrew/ALL_REPORTS/reviews/NotebookLM_split/the_nag_hammadi_library_review.md,/home/mark/MisfitCrew/ALL_REPORTS/reviews/NotebookLM_split/notebooklm_ready/the_nag_hammadi_library_review/the_nag_hammadi_library_review_part_001_of_003.md,1,3,444528,Report 1,Report 318,report-boundary
/home/mark/MisfitCrew/ALL_REPORTS/reviews/NotebookLM_split/the_nag_hammadi_library_review.md,/home/mark/MisfitCrew/ALL_REPORTS/reviews/NotebookLM_split/notebooklm_ready/the_nag_hammadi_library_review/the_nag_hammadi_library_review_part_002_of_003.md,2,3,445695,Report 319,Report 667,report-boundary
/home/mark/MisfitCrew/ALL_REPORTS/reviews/NotebookLM_split/the_nag_hammadi_library_review.md,/home/mark/MisfitCrew/ALL_REPORTS/reviews/NotebookLM_split/notebooklm_ready/the_nag_hammadi_library_review/the_nag_hammadi_library_review_part_003_of_003.md,3,3,228310,Report 668,Report 833,report-boundary
/home/mark/MisfitCrew/ALL_REPORTS/reviews/NotebookLM_split/the_ra_contact_volume_1_review.md,/home/mark/MisfitCrew/ALL_REPORTS/reviews/NotebookLM_split/notebooklm_ready/the_ra_contact_volume_1_review/the_ra_contact_volume_1_review_part_001_of_003.md,1,3,444520,Report 1,Report 314,report-boundary
/home/mark/MisfitCrew/ALL_REPORTS/reviews/NotebookLM_split/the_ra_contact_volume_1_review.md,/home/mark/MisfitCrew/ALL_REPORTS/reviews/NotebookLM_split/notebooklm_ready/the_ra_contact_volume_1_review/the_ra_contact_volume_1_review_part_002_of_003.md,2,3,445048,Report 315,Report 627,report-boundary
/home/mark/MisfitCrew/ALL_REPORTS/reviews/NotebookLM_split/the_ra_contact_volume_1_review.md,/home/mark/MisfitCrew/ALL_REPORTS/reviews/NotebookLM_split/notebooklm_ready/the_ra_contact_volume_1_review/the_ra_contact_volume_1_review_part_003_of_003.md,3,3,422584,Report 628,Report 932,report-boundary
/home/mark/MisfitCrew/ALL_REPORTS/reviews/NotebookLM_split/the_ra_contact_volume_2_review.md,/home/mark/MisfitCrew/ALL_REPORTS/reviews/NotebookLM_split/notebooklm_ready/the_ra_contact_volume_2_review/the_ra_contact_volume_2_review_part_001_of_004.md,1,4,445586,Report 1,Report 301,report-boundary
/home/mark/MisfitCrew/ALL_REPORTS/reviews/NotebookLM_split/the_ra_contact_volume_2_review.md,/home/mark/MisfitCrew/ALL_REPORTS/reviews/NotebookLM_split/notebooklm_ready/the_ra_contact_volume_2_review/the_ra_contact_volume_2_review_part_002_of_004.md,2,4,444954,Report 302,Report 608,report-boundary
/home/mark/MisfitCrew/ALL_REPORTS/reviews/NotebookLM_split/the_ra_contact_volume_2_review.md,/home/mark/MisfitCrew/ALL_REPORTS/reviews/NotebookLM_split/notebooklm_ready/the_ra_contact_volume_2_review/the_ra_contact_volume_2_review_part_003_of_004.md,3,4,445665,Report 609,Report 962,report-boundary
/home/mark/MisfitCrew/ALL_REPORTS/reviews/NotebookLM_split/the_ra_contact_volume_2_review.md,/home/mark/MisfitCrew/ALL_REPORTS/reviews/NotebookLM_split/notebooklm_ready/the_ra_contact_volume_2_review/the_ra_contact_volume_2_review_part_004_of_004.md,4,4,76953,Report 963,Report 1022,report-boundary
/home/mark/MisfitCrew/ALL_REPORTS/reviews/NotebookLM_split/the_satapatha_brahmana_review.md,/home/mark/MisfitCrew/ALL_REPORTS/reviews/NotebookLM_split/notebooklm_ready/the_satapatha_brahmana_review/the_satapatha_brahmana_review_part_001_of_002.md,1,2,445005,Report 1,Report 317,report-boundary
/home/mark/MisfitCrew/ALL_REPORTS/reviews/NotebookLM_split/the_satapatha_brahmana_review.md,/home/mark/MisfitCrew/ALL_REPORTS/reviews/NotebookLM_split/notebooklm_ready/the_satapatha_brahmana_review/the_satapatha_brahmana_review_part_002_of_002.md,2,2,326690,Report 318,Report 557,report-boundary
/home/mark/MisfitCrew/ALL_REPORTS/reviews/NotebookLM_split/the_science_of_the_soul_review.md,/home/mark/MisfitCrew/ALL_REPORTS/reviews/NotebookLM_split/notebooklm_ready/the_science_of_the_soul_review/the_science_of_the_soul_review_part_001_of_002.md,1,2,445689,Report 1,Report 340,report-boundary
/home/mark/MisfitCrew/ALL_REPORTS/reviews/NotebookLM_split/the_science_of_the_soul_review.md,/home/mark/MisfitCrew/ALL_REPORTS/reviews/NotebookLM_split/notebooklm_ready/the_science_of_the_soul_review/the_science_of_the_soul_review_part_002_of_002.md,2,2,115031,Report 341,Report 426,report-boundary
/home/mark/MisfitCrew/ALL_REPORTS/reviews/NotebookLM_split/the_tibetan_book_of_the_dead_review.md,/home/mark/MisfitCrew/ALL_REPORTS/reviews/NotebookLM_split/notebooklm_ready/the_tibetan_book_of_the_dead_review/the_tibetan_book_of_the_dead_review_part_001_of_002.md,1,2,445521,Report 1,Report 315,report-boundary
/home/mark/MisfitCrew/ALL_REPORTS/reviews/NotebookLM_split/the_tibetan_book_of_the_dead_review.md,/home/mark/MisfitCrew/ALL_REPORTS/reviews/NotebookLM_split/notebooklm_ready/the_tibetan_book_of_the_dead_review/the_tibetan_book_of_the_dead_review_part_002_of_002.md,2,2,421538,Report 316,Report 659,report-boundary
/home/mark/MisfitCrew/ALL_REPORTS/reviews/NotebookLM_split/the_yajur_veda_review.md,/home/mark/MisfitCrew/ALL_REPORTS/reviews/NotebookLM_split/notebooklm_ready/the_yajur_veda_review/the_yajur_veda_review_part_001_of_002.md,1,2,445700,Report 1,Report 333,report-boundary
/home/mark/MisfitCrew/ALL_REPORTS/reviews/NotebookLM_split/the_yajur_veda_review.md,/home/mark/MisfitCrew/ALL_REPORTS/reviews/NotebookLM_split/notebooklm_ready/the_yajur_veda_review/the_yajur_veda_review_part_002_of_002.md,2,2,388484,Report 334,Report 640,report-boundary
/home/mark/MisfitCrew/ALL_REPORTS/reviews/NotebookLM_split/thetanakh_review.md,/home/mark/MisfitCrew/ALL_REPORTS/reviews/NotebookLM_split/notebooklm_ready/thetanakh_review/thetanakh_review_part_001_of_002.md,1,2,445805,Report 1,Report 366,report-boundary
/home/mark/MisfitCrew/ALL_REPORTS/reviews/NotebookLM_split/thetanakh_review.md,/home/mark/MisfitCrew/ALL_REPORTS/reviews/NotebookLM_split/notebooklm_ready/thetanakh_review/thetanakh_review_part_002_of_002.md,2,2,363175,Report 367,Report 676,report-boundary
/home/mark/MisfitCrew/ALL_REPORTS/reviews/NotebookLM_split/tipler_llewellyn_modern_physics_review.md,/home/mark/MisfitCrew/ALL_REPORTS/reviews/NotebookLM_split/notebooklm_ready/tipler_llewellyn_modern_physics_review/tipler_llewellyn_modern_physics_review_part_001_of_002.md,1,2,445762,Report 1,Report 383,report-boundary
/home/mark/MisfitCrew/ALL_REPORTS/reviews/NotebookLM_split/tipler_llewellyn_modern_physics_review.md,/home/mark/MisfitCrew/ALL_REPORTS/reviews/NotebookLM_split/notebooklm_ready/tipler_llewellyn_modern_physics_review/tipler_llewellyn_modern_physics_review_part_002_of_002.md,2,2,165953,Report 384,Report 512,report-boundary
/home/mark/MisfitCrew/ALL_REPORTS/reviews/NotebookLM_split/urantia_book_review.md,/home/mark/MisfitCrew/ALL_REPORTS/reviews/NotebookLM_split/notebooklm_ready/urantia_book_review/urantia_book_review_part_001_of_011.md,1,11,445470,Report 1,Report 310,report-boundary
/home/mark/MisfitCrew/ALL_REPORTS/reviews/NotebookLM_split/urantia_book_review.md,/home/mark/MisfitCrew/ALL_REPORTS/reviews/NotebookLM_split/notebooklm_ready/urantia_book_review/urantia_book_review_part_002_of_011.md,2,11,444551,Report 311,Report 620,report-boundary
/home/mark/MisfitCrew/ALL_REPORTS/reviews/NotebookLM_split/urantia_book_review.md,/home/mark/MisfitCrew/ALL_REPORTS/reviews/NotebookLM_split/notebooklm_ready/urantia_book_review/urantia_book_review_part_003_of_011.md,3,11,445267,Report 621,Report 935,report-boundary
/home/mark/MisfitCrew/ALL_REPORTS/reviews/NotebookLM_split/urantia_book_review.md,/home/mark/MisfitCrew/ALL_REPORTS/reviews/NotebookLM_split/notebooklm_ready/urantia_book_review/urantia_book_review_part_004_of_011.md,4,11,445315,Report 936,Report 1255,report-boundary
/home/mark/MisfitCrew/ALL_REPORTS/reviews/NotebookLM_split/urantia_book_review.md,/home/mark/MisfitCrew/ALL_REPORTS/reviews/NotebookLM_split/notebooklm_ready/urantia_book_review/urantia_book_review_part_005_of_011.md,5,11,445216,Report 1256,Report 1566,report-boundary
/home/mark/MisfitCrew/ALL_REPORTS/reviews/NotebookLM_split/urantia_book_review.md,/home/mark/MisfitCrew/ALL_REPORTS/reviews/NotebookLM_split/notebooklm_ready/urantia_book_review/urantia_book_review_part_006_of_011.md,6,11,445370,Report 1567,Report 1887,report-boundary
/home/mark/MisfitCrew/ALL_REPORTS/reviews/NotebookLM_split/urantia_book_review.md,/home/mark/MisfitCrew/ALL_REPORTS/reviews/NotebookLM_split/notebooklm_ready/urantia_book_review/urantia_book_review_part_007_of_011.md,7,11,444632,Report 1888,Report 2232,report-boundary
/home/mark/MisfitCrew/ALL_REPORTS/reviews/NotebookLM_split/urantia_book_review.md,/home/mark/MisfitCrew/ALL_REPORTS/reviews/NotebookLM_split/notebooklm_ready/urantia_book_review/urantia_book_review_part_008_of_011.md,8,11,444921,Report 2233,Report 2582,report-boundary
/home/mark/MisfitCrew/ALL_REPORTS/reviews/NotebookLM_split/urantia_book_review.md,/home/mark/MisfitCrew/ALL_REPORTS/reviews/NotebookLM_split/notebooklm_ready/urantia_book_review/urantia_book_review_part_009_of_011.md,9,11,444801,Report 2583,Report 2890,report-boundary
/home/mark/MisfitCrew/ALL_REPORTS/reviews/NotebookLM_split/urantia_book_review.md,/home/mark/MisfitCrew/ALL_REPORTS/reviews/NotebookLM_split/notebooklm_ready/urantia_book_review/urantia_book_review_part_010_of_011.md,10,11,445124,Report 2891,Report 3202,report-boundary
/home/mark/MisfitCrew/ALL_REPORTS/reviews/NotebookLM_split/urantia_book_review.md,/home/mark/MisfitCrew/ALL_REPORTS/reviews/NotebookLM_split/notebooklm_ready/urantia_book_review/urantia_book_review_part_011_of_011.md,11,11,4861,Report 3203,Report 3205,report-boundary
/home/mark/MisfitCrew/ALL_REPORTS/reviews/NotebookLM_split/voyagers_ii_amenti_review.md,/home/mark/MisfitCrew/ALL_REPORTS/reviews/NotebookLM_split/notebooklm_ready/voyagers_ii_amenti_review/voyagers_ii_amenti_review_part_001_of_003.md,1,3,444983,Report 1,Report 372,report-boundary
/home/mark/MisfitCrew/ALL_REPORTS/reviews/NotebookLM_split/voyagers_ii_amenti_review.md,/home/mark/MisfitCrew/ALL_REPORTS/reviews/NotebookLM_split/notebooklm_ready/voyagers_ii_amenti_review/voyagers_ii_amenti_review_part_002_of_003.md,2,3,445089,Report 373,Report 755,report-boundary
/home/mark/MisfitCrew/ALL_REPORTS/reviews/NotebookLM_split/voyagers_ii_amenti_review.md,/home/mark/MisfitCrew/ALL_REPORTS/reviews/NotebookLM_split/notebooklm_ready/voyagers_ii_amenti_review/voyagers_ii_amenti_review_part_003_of_003.md,3,3,87220,Report 756,Report 823,report-boundary
